{"_wandb":{"runtime":0},"FP{N} error":0.1409016102552414,"flux_FP{N} error":0.01617037132382393,"P{N} error":0.12579232454299927,"flux_P{N} error":0.07427431643009186,"flux_error_reduction":0.21771147847175598,"_runtime":0,"_timestamp":1.758759172143154e+09,"total_error_reduction":1.1201128959655762,"_step":1}