{"N3_Abl_1_iter_1":0.3397493064403534,"_timestamp":1.758759997524875e+09,"_step":0,"_wandb":{"runtime":0},"_runtime":0}