{"flux_error_reduction":0.554594099521637,"FP{N} error":0.15186263620853424,"_wandb":{"runtime":0},"_runtime":0,"_timestamp":1.758759604805207e+09,"P{N} error":0.12579232454299927,"flux_FP{N} error":0.04119209945201874,"total_error_reduction":1.2072488069534302,"_step":1,"flux_P{N} error":0.07427431643009186}