{"_timestamp":1.758760345273034e+09,"_wandb":{"runtime":0},"_runtime":0,"_step":0,"flux_error_reduction":0.2730334401130676,"N3_Abl7_iter1":0.2730334401130676}