{"_runtime":0,"flux_error_reduction":0.5538627505302429,"N3_Abl4_iter1":0.5538627505302429,"_timestamp":1.7587603008433878e+09,"_step":0,"_wandb":{"runtime":0}}