{"P{N} error":0.48470818996429443,"flux_error_reduction":0.5989428162574768,"_wandb":{"runtime":0},"_timestamp":1.7587595518246121e+09,"flux_P{N} error":0.39956775307655334,"_runtime":0,"total_error_reduction":0.5328134298324585,"FP{N} error":0.25825902819633484,"flux_FP{N} error":0.23931823670864105,"_step":1}