{"_wandb":{"runtime":0},"_runtime":0,"_step":0,"flux_error_reduction":0.21771147847175598,"N3_Abl7_iter1":0.21771147847175598,"_timestamp":1.758760351548394e+09}