{"FP{N} error":0.1470128744840622,"_runtime":0,"_step":1,"flux_error_reduction":0.3434966206550598,"total_error_reduction":0.3049396574497223,"flux_FP{N} error":0.10838004946708679,"_wandb":{"runtime":0},"P{N} error":0.4821048080921173,"_timestamp":1.758759085705709e+09,"flux_P{N} error":0.3155199885368347}