{"total_error_reduction":0.4992934763431549,"_wandb":{"runtime":0},"flux_FP{N} error":0.06302914768457413,"_runtime":0,"P{N} error":0.3693774938583374,"_step":1,"flux_P{N} error":0.26006880402565,"flux_error_reduction":0.24235565960407257,"_timestamp":1.7587592387840772e+09,"FP{N} error":0.18442776799201965}