{"flux_error_reduction":0.16039857268333435,"N3_Abl9_iter1":0.16039857268333435,"_timestamp":1.75876038286026e+09,"_wandb":{"runtime":0},"_runtime":0,"_step":0}