{"N3_Abl1_iter1":0.531222403049469,"_wandb":{"runtime":0},"_runtime":0,"_timestamp":1.758760620179863e+09,"_step":0,"flux_error_reduction":0.531222403049469}