{"flux_error_reduction":0.28504276275634766,"N3_Abl9_iter1":0.28504276275634766,"_timestamp":1.758760392656424e+09,"_step":0,"_wandb":{"runtime":0},"_runtime":0}