{"_timestamp":1.758760406471314e+09,"_step":0,"_wandb":{"runtime":0},"_runtime":0,"flux_error_reduction":0.15200532972812653,"N3_Abl10_iter1":0.15200532972812653}