{"_runtime":0,"total_error_reduction":0.36822229623794556,"_step":1,"P{N} error":0.7105564475059509,"flux_FP{N} error":0.20538486540317535,"flux_P{N} error":0.5929551720619202,"_wandb":{"runtime":0},"flux_error_reduction":0.3463750183582306,"_timestamp":1.758759587529331e+09,"FP{N} error":0.261642724275589}