{"flux_FP{N} error":0.156855508685112,"flux_P{N} error":0.3155199885368347,"_runtime":0,"P{N} error":0.4821048080921173,"_step":1,"total_error_reduction":0.43096864223480225,"_timestamp":1.758759233686029e+09,"FP{N} error":0.20777206122875214,"flux_error_reduction":0.49713334441185,"_wandb":{"runtime":0}}