{"flux_error_reduction":0.8171240091323853,"FP{N} error":0.0948236882686615,"_runtime":0,"P{N} error":0.12961673736572266,"total_error_reduction":0.731569766998291,"flux_FP{N} error":0.03239938244223595,"_wandb":{"runtime":0},"_timestamp":1.7587598586754391e+09,"flux_P{N} error":0.039650507271289825,"_step":1}