{"_wandb":{"runtime":0},"flux_P{N} error":0.08790238946676254,"flux_error_reduction":0.6296055316925049,"flux_FP{N} error":0.055343832820653915,"P{N} error":0.1569836288690567,"FP{N} error":0.0819418802857399,"_timestamp":1.7587595692984781e+09,"_runtime":0,"_step":1,"total_error_reduction":0.5219772458076477}