{"FP{N} error":0.10588148236274719,"flux_FP{N} error":0.04458719864487648,"_runtime":0,"total_error_reduction":0.5541901588439941,"_timestamp":1.758759687107532e+09,"P{N} error":0.19105622172355652,"_wandb":{"runtime":0},"flux_error_reduction":0.43659812211990356,"_step":1,"flux_P{N} error":0.10212411731481552}