{"_timestamp":1.758760051925354e+09,"_wandb":{"runtime":0},"_runtime":0,"_step":0,"N3_Abl_1_iter_1":0.22649379074573517}