{"flux_P{N} error":0.029580354690551758,"total_error_reduction":0.5455862879753113,"P{N} error":0.07559927552938461,"flux_FP{N} error":0.011201518587768078,"flux_error_reduction":0.3786810040473938,"FP{N} error":0.04124592989683151,"_timestamp":1.758759384204053e+09,"_wandb":{"runtime":0},"_runtime":0,"_step":1}