{"total_error_reduction":0.3417188227176666,"P{N} error":0.7105564475059509,"flux_P{N} error":0.5929551720619202,"flux_error_reduction":0.15200532972812653,"_timestamp":1.7587585017214222e+09,"_runtime":0,"flux_FP{N} error":0.09013234823942184,"_step":1,"_wandb":{"runtime":0},"FP{N} error":0.24281050264835358}