{"total_error_reduction":0.3890826404094696,"P{N} error":0.48470818996429443,"_wandb":{"runtime":0},"flux_error_reduction":0.12075675278902054,"_runtime":0,"flux_P{N} error":0.39956775307655334,"_timestamp":1.758759657484492e+09,"FP{N} error":0.18859153985977173,"_step":1,"flux_FP{N} error":0.048250503838062286}