{"_step":0,"_wandb":{"runtime":0},"_runtime":0,"N3_Abl_1_iter_1":0.6305570602416992,"_timestamp":1.7587600442638788e+09}