{"_timestamp":1.758759282316389e+09,"flux_FP{N} error":0.029779473319649696,"_step":1,"P{N} error":0.214262455701828,"flux_P{N} error":0.03699549660086632,"_wandb":{"runtime":0},"total_error_reduction":0.8756349682807922,"flux_error_reduction":0.804948627948761,"_runtime":0,"FP{N} error":0.18761569261550903}