{"flux_P{N} error":0.5929551720619202,"P{N} error":0.7105564475059509,"_runtime":0,"FP{N} error":0.2702198624610901,"_timestamp":1.758759031947577e+09,"_wandb":{"runtime":0},"flux_FP{N} error":0.17768745124340057,"_step":1,"flux_error_reduction":0.2996642291545868,"total_error_reduction":0.3802933096885681}