{"total_error_reduction":0.4547083377838135,"flux_error_reduction":0.5394871830940247,"_wandb":{"runtime":0},"flux_FP{N} error":0.17021898925304413,"_step":1,"_timestamp":1.75875966539427e+09,"flux_P{N} error":0.3155199885368347,"_runtime":0,"P{N} error":0.4821048080921173,"FP{N} error":0.21921707689762115}