{"_timestamp":1.758755626528828e+09,"flux_P{N} error":0.39956775307655334,"flux_FP{N} error":0.018941715359687805,"P{N} error":0.48470818996429443,"flux_error_reduction":0.04740551486611366,"FP{N} error":0.21833251416683197,"total_error_reduction":0.4504411518573761,"_wandb":{"runtime":0},"_runtime":0,"_step":1}