{"_wandb":{"runtime":0},"_runtime":0,"_step":0,"N3_Abl_1_iter_1":0.531222403049469,"_timestamp":1.758760054329979e+09}