{"P{N} error":0.21562471985816956,"flux_FP{N} error":0.08438740670681,"_timestamp":1.7587598044682581e+09,"FP{N} error":0.1860204041004181,"total_error_reduction":0.8627044558525085,"flux_P{N} error":0.09185060858726501,"_wandb":{"runtime":0},"_runtime":0,"flux_error_reduction":0.918746292591095,"_step":1}