{"flux_P{N} error":0.5929551720619202,"flux_FP{N} error":0.0659341812133789,"_wandb":{"runtime":0},"_runtime":0,"FP{N} error":0.30766722559928894,"P{N} error":0.7105564475059509,"_timestamp":1.758755894757333e+09,"flux_error_reduction":0.1111958920955658,"total_error_reduction":0.4329947829246521,"_step":1}