{"flux_P{N} error":0.08790238946676254,"_runtime":0,"P{N} error":0.1569836288690567,"flux_FP{N} error":0.02886877954006195,"_step":1,"flux_error_reduction":0.3284186124801636,"FP{N} error":0.14236094057559967,"total_error_reduction":0.906852126121521,"_wandb":{"runtime":0},"_timestamp":1.758759667812175e+09}