{"_runtime":0,"_step":0,"flux_error_reduction":0.6414478421211243,"N7_Abl2_iter1":0.6414478421211243,"_timestamp":1.758760464322604e+09,"_wandb":{"runtime":0}}