{"FP{N} error":0.17980650067329407,"_timestamp":1.758759214418124e+09,"flux_FP{N} error":0.07413072884082794,"P{N} error":0.3693774938583374,"flux_P{N} error":0.26006880402565,"_step":1,"_runtime":0,"total_error_reduction":0.4867824912071228,"flux_error_reduction":0.28504276275634766,"_wandb":{"runtime":0}}