{"flux_P{N} error":0.3155199885368347,"_wandb":{"runtime":0},"_timestamp":1.758759110361323e+09,"_runtime":0,"P{N} error":0.4821048080921173,"flux_error_reduction":0.33166787028312683,"flux_FP{N} error":0.10464784502983093,"FP{N} error":0.14441770315170288,"total_error_reduction":0.2995566427707672,"_step":1}