{"_step":0,"_wandb":{"runtime":0},"_runtime":0,"flux_error_reduction":0.2996642291545868,"N3_Abl1_iter1":0.2996642291545868,"_timestamp":1.758760205470645e+09}