{"N3_Abl10_iter1":0.30029594898223877,"_timestamp":1.758760423146045e+09,"_step":0,"flux_error_reduction":0.30029594898223877,"_wandb":{"runtime":0},"_runtime":0}