{"flux_FP{N} error":0.02387109585106373,"P{N} error":0.07559927552938461,"flux_error_reduction":0.8069915175437927,"FP{N} error":0.058821823447942734,"_wandb":{"runtime":0},"_runtime":0,"total_error_reduction":0.7780739068984985,"_timestamp":1.75875940820261e+09,"flux_P{N} error":0.029580354690551758,"_step":1}