{"_timestamp":1.7587596705222452e+09,"P{N} error":0.3693774938583374,"flux_error_reduction":0.28504276275634766,"_runtime":0,"FP{N} error":0.17980650067329407,"total_error_reduction":0.4867824912071228,"_step":1,"flux_FP{N} error":0.07413072884082794,"flux_P{N} error":0.26006880402565,"_wandb":{"runtime":0}}