{"_wandb":{"runtime":0},"P{N} error":0.48470818996429443,"FP{N} error":0.25825902819633484,"flux_P{N} error":0.39956775307655334,"_runtime":0,"flux_error_reduction":0.5989428162574768,"_step":1,"flux_FP{N} error":0.23931823670864105,"total_error_reduction":0.5328134298324585,"_timestamp":1.758759584765344e+09}