{"_timestamp":1.758760277217191e+09,"_step":0,"_wandb":{"runtime":0},"_runtime":0,"flux_error_reduction":0.5283094048500061,"N3_Abl3_iter1":0.5283094048500061}