{"P{N} error":0.09313923120498657,"FP{N} error":0.04574073478579521,"_runtime":0,"_timestamp":1.7587598910887659e+09,"flux_P{N} error":0.03836339712142944,"_wandb":{"runtime":0},"_step":1,"flux_FP{N} error":0.01601419970393181,"flux_error_reduction":0.41743433475494385,"total_error_reduction":0.49110063910484314}