{"_wandb":{"runtime":0},"_runtime":0,"_timestamp":1.758760470842935e+09,"_step":0,"flux_error_reduction":0.4196133315563202,"N7_Abl2_iter1":0.4196133315563202}