{"flux_P{N} error":0.10212411731481552,"FP{N} error":0.10508900135755539,"_timestamp":1.7587592064369411e+09,"_wandb":{"runtime":0},"flux_FP{N} error":0.045083168894052505,"P{N} error":0.19105622172355652,"flux_error_reduction":0.44145467877388,"total_error_reduction":0.5500422716140747,"_runtime":0,"_step":1}