{"_step":1,"total_error_reduction":1.267889142036438,"flux_P{N} error":0.07427431643009186,"_wandb":{"runtime":0},"_runtime":0,"P{N} error":0.12579232454299927,"_timestamp":1.758759497269147e+09,"flux_FP{N} error":0.044914521276950836,"FP{N} error":0.15949071943759918,"flux_error_reduction":0.6047113537788391}