{"_runtime":0,"flux_FP{N} error":0.04165331646800041,"P{N} error":0.48470818996429443,"flux_P{N} error":0.39956775307655334,"flux_error_reduction":0.10424593836069107,"_step":1,"FP{N} error":0.19841741025447845,"total_error_reduction":0.4093543589115143,"_wandb":{"runtime":0},"_timestamp":1.758759153067169e+09}