{"flux_error_reduction":0.8236158490180969,"N7_Abl6_iter1":0.8236158490180969,"_timestamp":1.758760527754611e+09,"_step":0,"_wandb":{"runtime":0},"_runtime":0}