{"_timestamp":1.758760059753269e+09,"_wandb":{"runtime":0},"_runtime":0,"_step":0,"N3_Abl_1_iter_1":0.3397493064403534}