{"_wandb":{"runtime":0},"_runtime":0,"flux_error_reduction":0.49713334441185,"N3_Abl10_iter1":0.49713334441185,"_timestamp":1.758760411501848e+09,"_step":0}