{"flux_error_reduction":0.2996642291545868,"FP{N} error":0.2702198624610901,"_step":1,"_timestamp":1.758758866531436e+09,"flux_FP{N} error":0.17768745124340057,"P{N} error":0.7105564475059509,"flux_P{N} error":0.5929551720619202,"_runtime":0,"_wandb":{"runtime":0},"total_error_reduction":0.3802933096885681}