{"_runtime":0,"P{N} error":0.21562471985816956,"_step":1,"FP{N} error":0.09711375832557678,"total_error_reduction":0.4503832459449768,"_timestamp":1.758759871226392e+09,"flux_P{N} error":0.09185060858726501,"flux_FP{N} error":0.02952028438448906,"flux_error_reduction":0.32139453291893005,"_wandb":{"runtime":0}}