{"_runtime":0,"_wandb":{"runtime":0},"P{N} error":0.41694486141204834,"_timestamp":1.7587598983069701e+09,"flux_P{N} error":0.2616240978240967,"total_error_reduction":0.6606874465942383,"FP{N} error":0.27547022700309753,"flux_FP{N} error":0.178257554769516,"_step":1,"flux_error_reduction":0.6813499331474304}