{"flux_P{N} error":0.08790238946676254,"flux_FP{N} error":0.04669572040438652,"FP{N} error":0.08112452179193497,"flux_error_reduction":0.531222403049469,"_timestamp":1.758759484647541e+09,"_runtime":0,"total_error_reduction":0.516770601272583,"_wandb":{"runtime":0},"P{N} error":0.1569836288690567,"_step":1}