{"_wandb":{"runtime":0},"flux_P{N} error":0.26006880402565,"_runtime":0,"P{N} error":0.3693774938583374,"FP{N} error":0.18719986081123352,"_timestamp":1.758759622057773e+09,"flux_FP{N} error":0.07100748270750046,"total_error_reduction":0.5067982077598572,"flux_error_reduction":0.2730334401130676,"_step":1}