{"_step":1,"flux_FP{N} error":0.07146331667900085,"_runtime":0,"_timestamp":1.75875897427001e+09,"FP{N} error":0.1187097430229187,"P{N} error":0.4821048080921173,"total_error_reduction":0.24623222649097443,"flux_error_reduction":0.22649379074573517,"flux_P{N} error":0.3155199885368347,"_wandb":{"runtime":0}}