{"flux_P{N} error":0.07427431643009186,"P{N} error":0.12579232454299927,"_runtime":0,"flux_FP{N} error":0.041137777268886566,"FP{N} error":0.15028510987758636,"_wandb":{"runtime":0},"total_error_reduction":1.1947081089019775,"_step":1,"flux_error_reduction":0.5538627505302429,"_timestamp":1.75875957873648e+09}