{"N3_Abl8_iter1":0.47881388664245605,"_timestamp":1.758760375355733e+09,"_step":0,"_wandb":{"runtime":0},"_runtime":0,"flux_error_reduction":0.47881388664245605}