{"FP{N} error":0.2408927083015442,"_wandb":{"runtime":0},"flux_P{N} error":0.5929551720619202,"flux_error_reduction":0.15171562135219574,"total_error_reduction":0.3390198051929474,"P{N} error":0.7105564475059509,"flux_FP{N} error":0.08996056020259857,"_runtime":0,"_step":1,"_timestamp":1.7587585146158679e+09}