{"_step":0,"_wandb":{"runtime":0},"_runtime":0,"flux_error_reduction":0.12075675278902054,"N3_Abl9_iter1":0.12075675278902054,"_timestamp":1.758760380302811e+09}