{"flux_error_reduction":0.16039857268333435,"total_error_reduction":0.34117501974105835,"_wandb":{"runtime":0},"_runtime":0,"_step":1,"flux_P{N} error":0.5929551720619202,"flux_FP{N} error":0.09510916471481323,"P{N} error":0.7105564475059509,"FP{N} error":0.2424241006374359,"_timestamp":1.758759203786398e+09}