{"flux_FP{N} error":0.07928602397441864,"_runtime":0,"total_error_reduction":0.3865082859992981,"FP{N} error":0.14276745915412903,"flux_P{N} error":0.26006880402565,"flux_error_reduction":0.3048655688762665,"_step":1,"_wandb":{"runtime":0},"_timestamp":1.758759540473978e+09,"P{N} error":0.3693774938583374}