{"_timestamp":1.758760046842355e+09,"_wandb":{"runtime":0},"_runtime":0,"_step":0,"N3_Abl_1_iter_1":0.2996642291545868}