{"flux_error_reduction":0.31037193536758423,"N3_Abl10_iter1":0.31037193536758423,"_timestamp":1.758760414354143e+09,"_wandb":{"runtime":0},"_runtime":0,"_step":0}