{"_runtime":0,"total_error_reduction":0.9321110844612122,"_step":1,"_timestamp":1.758758621379513e+09,"P{N} error":0.1569836288690567,"_wandb":{"runtime":0},"flux_error_reduction":0.31037193536758423,"FP{N} error":0.1463261842727661,"flux_P{N} error":0.08790238946676254,"flux_FP{N} error":0.027282433584332466}