{"flux_FP{N} error":0.012797110714018345,"_wandb":{"runtime":0},"_step":1,"P{N} error":0.09313923120498657,"flux_P{N} error":0.03836339712142944,"_runtime":0,"FP{N} error":0.05375649780035019,"flux_error_reduction":0.3335760533809662,"total_error_reduction":0.5771628022193909,"_timestamp":1.758759343084929e+09}