{"flux_FP{N} error":0.054771505296230316,"flux_error_reduction":0.6230946183204651,"_wandb":{"runtime":0},"_runtime":0,"_step":1,"FP{N} error":0.0822831466794014,"flux_P{N} error":0.08790238946676254,"total_error_reduction":0.5241511464118958,"_timestamp":1.7587590883460119e+09,"P{N} error":0.1569836288690567}