{"_timestamp":1.758760525188766e+09,"_step":0,"_wandb":{"runtime":0},"_runtime":0,"flux_error_reduction":0.918746292591095,"N7_Abl6_iter1":0.918746292591095}