{"_runtime":0,"flux_error_reduction":0.43659812211990356,"N3_Abl10_iter1":0.43659812211990356,"_timestamp":1.7587604089422421e+09,"_step":0,"_wandb":{"runtime":0}}