{"flux_FP{N} error":0.005749373231083155,"flux_error_reduction":0.14986611902713776,"FP{N} error":0.050968486815690994,"_runtime":0,"_step":1,"P{N} error":0.09313923120498657,"total_error_reduction":0.547228991985321,"_timestamp":1.7587599154427898e+09,"flux_P{N} error":0.03836339712142944,"_wandb":{"runtime":0}}