{"_wandb":{"runtime":0},"_runtime":0,"flux_error_reduction":0.25830507278442383,"N3_Abl8_iter1":0.25830507278442383,"_timestamp":1.7587603587522151e+09,"_step":0}