{"total_error_reduction":0.8764548897743225,"flux_FP{N} error":0.02721988968551159,"flux_error_reduction":0.9202015995979309,"_step":1,"FP{N} error":0.06625935435295105,"flux_P{N} error":0.029580354690551758,"_runtime":0,"_wandb":{"runtime":0},"P{N} error":0.07559927552938461,"_timestamp":1.75875935912131e+09}