{"_wandb":{"runtime":0},"_runtime":0,"flux_error_reduction":0.6296055316925049,"N3_Abl4_iter1":0.6296055316925049,"_timestamp":1.758760291577836e+09,"_step":0}