{"N3_Abl9_iter1":0.44145467877388,"_timestamp":1.758760385295555e+09,"_step":0,"_wandb":{"runtime":0},"_runtime":0,"flux_error_reduction":0.44145467877388}