{"flux_error_reduction":0.33166787028312683,"N3_Abl6_iter1":0.33166787028312683,"_timestamp":1.758760315981877e+09,"_wandb":{"runtime":0},"_runtime":0,"_step":0}