{"total_error_reduction":0.45908841490745544,"_timestamp":1.7587589793278239e+09,"FP{N} error":0.16957692801952362,"flux_FP{N} error":0.08835819363594055,"_wandb":{"runtime":0},"_runtime":0,"_step":1,"flux_error_reduction":0.3397493064403534,"P{N} error":0.3693774938583374,"flux_P{N} error":0.26006880402565}