{"flux_P{N} error":0.03998153656721115,"_step":1,"_timestamp":1.758759379185843e+09,"flux_error_reduction":0.7374924421310425,"flux_FP{N} error":0.02948608063161373,"FP{N} error":0.08614926040172577,"_wandb":{"runtime":0},"_runtime":0,"P{N} error":0.10251639783382416,"total_error_reduction":0.8403461575508118}