{"_step":1,"_timestamp":1.758759381686583e+09,"flux_FP{N} error":0.029960546642541885,"flux_error_reduction":0.8098430633544922,"_runtime":0,"flux_P{N} error":0.03699549660086632,"P{N} error":0.214262455701828,"_wandb":{"runtime":0},"FP{N} error":0.18800097703933716,"total_error_reduction":0.8774331212043762}