{"_step":0,"N3_Abl_1_iter_1":0.2996642291545868,"_wandb":{"runtime":0},"_runtime":0,"_timestamp":1.758759984271522e+09}