{"flux_FP{N} error":0.032517071813344955,"FP{N} error":0.09473960101604462,"P{N} error":0.12961673736572266,"_step":1,"flux_P{N} error":0.039650507271289825,"_wandb":{"runtime":0},"_timestamp":1.758759312631928e+09,"_runtime":0,"flux_error_reduction":0.8200922012329102,"total_error_reduction":0.7309210300445557}