{"_timestamp":1.7587596095281549e+09,"_step":1,"FP{N} error":0.19841741025447845,"_wandb":{"runtime":0},"total_error_reduction":0.4093543589115143,"flux_P{N} error":0.39956775307655334,"flux_FP{N} error":0.04165331646800041,"P{N} error":0.48470818996429443,"flux_error_reduction":0.10424593836069107,"_runtime":0}