{"_wandb":{"runtime":0},"_runtime":0,"_step":0,"flux_error_reduction":0.22649379074573517,"N3_Abl1_iter1":0.22649379074573517,"_timestamp":1.758760214508694e+09}