{"_step":1,"flux_FP{N} error":0.03169441595673561,"_wandb":{"runtime":0},"_runtime":0,"FP{N} error":0.17146454751491547,"total_error_reduction":0.800254762172699,"flux_error_reduction":0.8567101359367371,"flux_P{N} error":0.03699549660086632,"_timestamp":1.758759307137294e+09,"P{N} error":0.214262455701828}