{"total_error_reduction":0.5034328103065491,"_timestamp":1.758759107732874e+09,"flux_P{N} error":0.10212411731481552,"_runtime":0,"_step":1,"P{N} error":0.19105622172355652,"flux_FP{N} error":0.06659506261348724,"_wandb":{"runtime":0},"FP{N} error":0.09618397057056427,"flux_error_reduction":0.6520992517471313}