{"flux_P{N} error":0.3155199885368347,"total_error_reduction":0.5218942761421204,"flux_error_reduction":0.6411659121513367,"_step":1,"_wandb":{"runtime":0},"_runtime":0,"FP{N} error":0.251607745885849,"P{N} error":0.4821048080921173,"_timestamp":1.758759511021568e+09,"flux_FP{N} error":0.20230066776275635}