{"_step":1,"flux_error_reduction":0.18455970287322998,"_runtime":0,"_timestamp":1.7587592699598699e+09,"total_error_reduction":0.6073958873748779,"flux_FP{N} error":0.007080337032675743,"_wandb":{"runtime":0},"FP{N} error":0.056572385132312775,"flux_P{N} error":0.03836339712142944,"P{N} error":0.09313923120498657}