{"N3_Abl9_iter1":0.3287683129310608,"_timestamp":1.758760399161856e+09,"_step":0,"flux_error_reduction":0.3287683129310608,"_wandb":{"runtime":0},"_runtime":0}