{"P{N} error":0.07559927552938461,"_step":1,"flux_FP{N} error":0.02721988968551159,"_runtime":0,"flux_P{N} error":0.029580354690551758,"FP{N} error":0.06625935435295105,"total_error_reduction":0.8764548897743225,"flux_error_reduction":0.9202015995979309,"_wandb":{"runtime":0},"_timestamp":1.758759819776674e+09}