{"N7_Abl3_iter1":0.9089760780334473,"_timestamp":1.7587604806507258e+09,"_wandb":{"runtime":0},"_runtime":0,"_step":0,"flux_error_reduction":0.9089760780334473}