{"flux_FP{N} error":0.09510916471481323,"_runtime":0,"P{N} error":0.7105564475059509,"flux_error_reduction":0.16039857268333435,"_wandb":{"runtime":0},"flux_P{N} error":0.5929551720619202,"_step":1,"total_error_reduction":0.34117501974105835,"_timestamp":1.758759660341635e+09,"FP{N} error":0.2424241006374359}