{"_wandb":{"runtime":0},"_runtime":0,"flux_error_reduction":0.6230946183204651,"N3_Abl3_iter1":0.6230946183204651,"_timestamp":1.758760268672223e+09,"_step":0}