{"_runtime":0,"N3_Abl_2_iter_1":0.15372106432914734,"_timestamp":1.758760022325233e+09,"_step":0,"_wandb":{"runtime":0}}