{"FP{N} error":0.15949071943759918,"total_error_reduction":1.267889142036438,"_step":1,"flux_P{N} error":0.07427431643009186,"_timestamp":1.758759048898263e+09,"_wandb":{"runtime":0},"flux_error_reduction":0.6047113537788391,"flux_FP{N} error":0.044914521276950836,"P{N} error":0.12579232454299927,"_runtime":0}