{"flux_FP{N} error":0.018941715359687805,"total_error_reduction":0.4504411518573761,"flux_error_reduction":0.04740551486611366,"_step":1,"_runtime":0,"flux_P{N} error":0.39956775307655334,"_wandb":{"runtime":0},"FP{N} error":0.21833251416683197,"P{N} error":0.48470818996429443,"_timestamp":1.758755886269817e+09}