{"_wandb":{"runtime":0},"_runtime":0,"flux_error_reduction":0.7460911870002747,"_step":1,"total_error_reduction":0.7259640097618103,"FP{N} error":0.3026869595050812,"flux_P{N} error":0.2616240978240967,"_timestamp":1.758759721615693e+09,"flux_FP{N} error":0.19519543647766113,"P{N} error":0.41694486141204834}