{"_timestamp":1.7587586131283782e+09,"flux_FP{N} error":0.09013234823942184,"flux_error_reduction":0.15200532972812653,"P{N} error":0.7105564475059509,"_wandb":{"runtime":0},"_step":1,"total_error_reduction":0.3417188227176666,"_runtime":0,"FP{N} error":0.24281050264835358,"flux_P{N} error":0.5929551720619202}