{"_step":1,"flux_error_reduction":0.49081021547317505,"_runtime":0,"FP{N} error":0.22646869719028473,"flux_FP{N} error":0.19611193239688873,"_wandb":{"runtime":0},"_timestamp":1.75875963326446e+09,"flux_P{N} error":0.39956775307655334,"P{N} error":0.48470818996429443,"total_error_reduction":0.46722689270973206}