{"N3_Abl7_iter1":0.2894951105117798,"_timestamp":1.758760342815358e+09,"_step":0,"_wandb":{"runtime":0},"_runtime":0,"flux_error_reduction":0.2894951105117798}