{"P{N} error":0.09313923120498657,"flux_FP{N} error":0.012807930819690228,"FP{N} error":0.05370395630598068,"flux_P{N} error":0.03836339712142944,"flux_error_reduction":0.33385810256004333,"_runtime":0,"_timestamp":1.758759866366716e+09,"_step":1,"_wandb":{"runtime":0},"total_error_reduction":0.5765986442565918}