{"_step":0,"flux_error_reduction":0.3335760533809662,"N7_Abl4_iter1":0.3335760533809662,"_timestamp":1.758760519294828e+09,"_wandb":{"runtime":0},"_runtime":0}