{"FP{N} error":0.061328526586294174,"flux_FP{N} error":0.024596193805336952,"flux_error_reduction":0.8315043449401855,"_wandb":{"runtime":0},"P{N} error":0.07559927552938461,"_timestamp":1.75875973668315e+09,"flux_P{N} error":0.029580354690551758,"_runtime":0,"_step":1,"total_error_reduction":0.8112316727638245}