{"_timestamp":1.758760613524658e+09,"_step":0,"_wandb":{"runtime":0},"_runtime":0,"flux_error_reduction":0.22649379074573517,"N3_Abl1_iter1":0.22649379074573517}