{"total_error_reduction":0.4689003527164459,"flux_FP{N} error":0.05257464572787285,"P{N} error":0.19105622172355652,"FP{N} error":0.08958633244037628,"_timestamp":1.75875918186555e+09,"_wandb":{"runtime":0},"_runtime":0,"_step":1,"flux_error_reduction":0.5148112773895264,"flux_P{N} error":0.10212411731481552}