{"_wandb":{"runtime":0},"_runtime":0,"_step":0,"flux_error_reduction":0.5475329160690308,"N3_Abl1_iter1":0.5475329160690308,"_timestamp":1.758760208165236e+09}