{"_runtime":0,"_timestamp":1.7587593237927098e+09,"flux_FP{N} error":0.08438740670681,"_step":1,"flux_error_reduction":0.918746292591095,"_wandb":{"runtime":0},"flux_P{N} error":0.09185060858726501,"P{N} error":0.21562471985816956,"FP{N} error":0.1860204041004181,"total_error_reduction":0.8627044558525085}