{"flux_error_reduction":0.8171240091323853,"_timestamp":1.7587593364210198e+09,"flux_P{N} error":0.039650507271289825,"flux_FP{N} error":0.03239938244223595,"_wandb":{"runtime":0},"_runtime":0,"_step":1,"FP{N} error":0.0948236882686615,"P{N} error":0.12961673736572266,"total_error_reduction":0.731569766998291}