{"_runtime":0,"flux_error_reduction":0.9202015995979309,"N7_Abl4_iter1":0.9202015995979309,"_timestamp":1.7587605096007738e+09,"_step":0,"_wandb":{"runtime":0}}