{"_runtime":0,"total_error_reduction":0.3417188227176666,"flux_error_reduction":0.15200532972812653,"flux_FP{N} error":0.09013234823942184,"_wandb":{"runtime":0},"_step":1,"flux_P{N} error":0.5929551720619202,"FP{N} error":0.24281050264835358,"_timestamp":1.758759228745367e+09,"P{N} error":0.7105564475059509}