{"P{N} error":0.214262455701828,"flux_FP{N} error":0.03134319558739662,"_wandb":{"runtime":0},"_step":1,"flux_error_reduction":0.8472164869308472,"_runtime":0,"FP{N} error":0.13092206418514252,"total_error_reduction":0.611035943031311,"_timestamp":1.7587594057791932e+09,"flux_P{N} error":0.03699549660086632}