{"flux_error_reduction":0.32595986127853394,"_wandb":{"runtime":0},"P{N} error":0.3693774938583374,"total_error_reduction":0.5018765926361084,"_runtime":0,"_timestamp":1.75875906643567e+09,"_step":1,"FP{N} error":0.1853819191455841,"flux_P{N} error":0.26006880402565,"flux_FP{N} error":0.08477199077606201}