{"_wandb":{"runtime":0},"flux_FP{N} error":0.0313883014023304,"_timestamp":1.758759849924165e+09,"total_error_reduction":0.7465951442718506,"flux_P{N} error":0.03699549660086632,"_step":1,"FP{N} error":0.159967303276062,"_runtime":0,"flux_error_reduction":0.8484357595443726,"P{N} error":0.214262455701828}