{"_step":0,"_wandb":{"runtime":0},"_runtime":0,"flux_error_reduction":0.21061953902244568,"N3_Abl2_iter1":0.21061953902244568,"_timestamp":1.758760253582026e+09}