{"_timestamp":1.758759056153847e+09,"flux_P{N} error":0.5929551720619202,"_wandb":{"runtime":0},"_runtime":0,"P{N} error":0.7105564475059509,"FP{N} error":0.2277940958738327,"flux_FP{N} error":0.09114970266819,"_step":1,"total_error_reduction":0.3205854892730713,"flux_error_reduction":0.15372106432914734}