{"flux_P{N} error":0.07427431643009186,"P{N} error":0.12579232454299927,"flux_error_reduction":0.5283094048500061,"_runtime":0,"_timestamp":1.758759097723819e+09,"_step":1,"FP{N} error":0.15159814059734344,"total_error_reduction":1.2051461935043335,"flux_FP{N} error":0.03923982009291649,"_wandb":{"runtime":0}}