{"_step":1,"FP{N} error":0.08614926040172577,"flux_error_reduction":0.7374924421310425,"flux_P{N} error":0.03998153656721115,"total_error_reduction":0.8403461575508118,"flux_FP{N} error":0.02948608063161373,"_wandb":{"runtime":0},"P{N} error":0.10251639783382416,"_runtime":0,"_timestamp":1.7587598764619572e+09}