{"P{N} error":0.09313923120498657,"total_error_reduction":0.5765986442565918,"flux_P{N} error":0.03836339712142944,"_runtime":0,"flux_error_reduction":0.33385810256004333,"FP{N} error":0.05370395630598068,"_timestamp":1.758759368704284e+09,"flux_FP{N} error":0.012807930819690228,"_wandb":{"runtime":0},"_step":1}