{"total_error_reduction":0.8419915437698364,"flux_FP{N} error":0.029776012524962425,"flux_error_reduction":0.744744062423706,"P{N} error":0.10251639783382416,"flux_P{N} error":0.03998153656721115,"FP{N} error":0.08631794154644012,"_wandb":{"runtime":0},"_step":1,"_runtime":0,"_timestamp":1.758759279681376e+09}