{"FP{N} error":0.13651306927204132,"_wandb":{"runtime":0},"_timestamp":1.758759522510307e+09,"P{N} error":0.12579232454299927,"_runtime":0,"_step":1,"flux_error_reduction":0.21061953902244568,"total_error_reduction":1.0852257013320923,"flux_P{N} error":0.07427431643009186,"flux_FP{N} error":0.01564362272620201}