{"_wandb":{"runtime":0},"P{N} error":0.19105622172355652,"flux_P{N} error":0.10212411731481552,"flux_error_reduction":0.6393600106239319,"total_error_reduction":0.4943850040435791,"flux_FP{N} error":0.06529407948255539,"_runtime":0,"_timestamp":1.758759532335977e+09,"_step":1,"FP{N} error":0.09445533156394958}