{"_wandb":{"runtime":0},"_runtime":0,"flux_error_reduction":0.7676205635070801,"N7_Abl1_iter1":0.7676205635070801,"_timestamp":1.758760427705759e+09,"_step":0}