{"flux_P{N} error":0.039650507271289825,"_timestamp":1.7587599084949389e+09,"flux_error_reduction":0.8084238767623901,"FP{N} error":0.08863776922225952,"_wandb":{"runtime":0},"_runtime":0,"P{N} error":0.12961673736572266,"total_error_reduction":0.6838451027870178,"flux_FP{N} error":0.032054416835308075,"_step":1}