{"_step":0,"flux_error_reduction":0.15098153054714203,"N3_Abl7_iter1":0.15098153054714203,"_timestamp":1.758760335006835e+09,"_wandb":{"runtime":0},"_runtime":0}