{"_wandb":{"runtime":0},"P{N} error":0.48470818996429443,"total_error_reduction":0.5561749935150146,"_step":1,"_runtime":0,"_timestamp":1.758759029123086e+09,"flux_FP{N} error":0.2519502639770508,"FP{N} error":0.2695825695991516,"flux_P{N} error":0.39956775307655334,"flux_error_reduction":0.6305570602416992}