{"_runtime":0,"_wandb":{"runtime":0},"total_error_reduction":1.2051461935043335,"flux_FP{N} error":0.03923982009291649,"flux_error_reduction":0.5283094048500061,"_timestamp":1.75875954704804e+09,"_step":1,"P{N} error":0.12579232454299927,"FP{N} error":0.15159814059734344,"flux_P{N} error":0.07427431643009186}