{"_wandb":{"runtime":0},"_runtime":0,"P{N} error":0.3693774938583374,"flux_FP{N} error":0.08343574404716492,"flux_P{N} error":0.26006880402565,"flux_error_reduction":0.3208218216896057,"_timestamp":1.758759598084597e+09,"total_error_reduction":0.3897773027420044,"FP{N} error":0.14397495985031128,"_step":1}