{"_step":0,"_wandb":{"runtime":0},"_runtime":0,"flux_error_reduction":0.6305570602416992,"N3_Abl1_iter1":0.6305570602416992,"_timestamp":1.758760598573901e+09}