{"_wandb":{"runtime":0},"_runtime":0,"flux_error_reduction":0.5394871830940247,"N3_Abl9_iter1":0.5394871830940247,"_timestamp":1.7587603878279161e+09,"_step":0}