{"N3_Abl4_iter1":0.5989428162574768,"_timestamp":1.758760281852422e+09,"_wandb":{"runtime":0},"_runtime":0,"_step":0,"flux_error_reduction":0.5989428162574768}