{"_timestamp":1.75876006820785e+09,"_step":0,"N3_Abl_1_iter_1":0.6047113537788391,"_wandb":{"runtime":0},"_runtime":0}