{"N3_Abl_1_iter_1":0.6305570602416992,"_timestamp":1.758759981198956e+09,"_step":0,"_wandb":{"runtime":0},"_runtime":0}