{"_wandb":{"runtime":0},"flux_FP{N} error":0.07146331667900085,"P{N} error":0.4821048080921173,"_timestamp":1.758759037187642e+09,"_step":1,"FP{N} error":0.1187097430229187,"total_error_reduction":0.24623222649097443,"flux_P{N} error":0.3155199885368347,"_runtime":0,"flux_error_reduction":0.22649379074573517}