{"_runtime":0,"flux_error_reduction":0.9202294945716858,"N7_Abl4_iter1":0.9202294945716858,"_timestamp":1.758760504518671e+09,"_step":0,"_wandb":{"runtime":0}}