{"_runtime":0,"_step":0,"flux_error_reduction":0.8949310779571533,"N7_Abl3_iter1":0.8949310779571533,"_timestamp":1.758760485419117e+09,"_wandb":{"runtime":0}}