{"_runtime":0,"flux_error_reduction":0.3434966206550598,"N3_Abl3_iter1":0.3434966206550598,"_timestamp":1.758760265932894e+09,"_step":0,"_wandb":{"runtime":0}}