{"P{N} error":0.10251639783382416,"total_error_reduction":0.7942308187484741,"_step":1,"flux_P{N} error":0.03998153656721115,"flux_error_reduction":0.8201678991317749,"_runtime":0,"FP{N} error":0.08142168074846268,"_timestamp":1.758759403081749e+09,"_wandb":{"runtime":0},"flux_FP{N} error":0.03279157355427742}