{"_runtime":0,"_timestamp":1.758760049331454e+09,"_step":0,"N3_Abl_1_iter_1":0.5475329160690308,"_wandb":{"runtime":0}}