{"_wandb":{"runtime":0},"_timestamp":1.7587593490757701e+09,"flux_FP{N} error":0.08438740670681,"FP{N} error":0.1860204041004181,"flux_error_reduction":0.918746292591095,"total_error_reduction":0.8627044558525085,"_step":1,"P{N} error":0.21562471985816956,"flux_P{N} error":0.09185060858726501,"_runtime":0}