{"_runtime":0,"_timestamp":1.758760356167995e+09,"_step":0,"flux_error_reduction":0.49081021547317505,"N3_Abl8_iter1":0.49081021547317505,"_wandb":{"runtime":0}}