{"flux_FP{N} error":0.06302914768457413,"P{N} error":0.3693774938583374,"FP{N} error":0.18442776799201965,"_timestamp":1.758759697970217e+09,"_runtime":0,"total_error_reduction":0.4992934763431549,"flux_error_reduction":0.24235565960407257,"flux_P{N} error":0.26006880402565,"_wandb":{"runtime":0},"_step":1}