{"_wandb":{"runtime":0},"flux_P{N} error":0.10212411731481552,"P{N} error":0.19105622172355652,"flux_error_reduction":0.5089215040206909,"_step":1,"FP{N} error":0.09547165036201477,"_timestamp":1.758759614467145e+09,"_runtime":0,"flux_FP{N} error":0.05197316035628319,"total_error_reduction":0.4997044801712036}