{"_timestamp":1.758760242127823e+09,"_step":0,"flux_error_reduction":0.6411659121513367,"_wandb":{"runtime":0},"_runtime":0,"N3_Abl2_iter1":0.6411659121513367}