{"flux_P{N} error":0.09185060858726501,"_step":1,"total_error_reduction":0.45841675996780396,"flux_error_reduction":0.2544505000114441,"P{N} error":0.21562471985816956,"_wandb":{"runtime":0},"_timestamp":1.7587599203212109e+09,"flux_FP{N} error":0.023371433839201927,"_runtime":0,"FP{N} error":0.09884598851203918}