{"_timestamp":1.758759179341397e+09,"FP{N} error":0.25613999366760254,"flux_FP{N} error":0.15316332876682281,"flux_error_reduction":0.25830507278442383,"_step":1,"flux_P{N} error":0.5929551720619202,"_runtime":0,"P{N} error":0.7105564475059509,"total_error_reduction":0.3604780435562134,"_wandb":{"runtime":0}}