{"FP{N} error":0.23440177738666534,"flux_error_reduction":0.15098153054714203,"flux_P{N} error":0.5929551720619202,"_runtime":0,"_timestamp":1.758759155588951e+09,"_step":1,"P{N} error":0.7105564475059509,"total_error_reduction":0.329884797334671,"flux_FP{N} error":0.08952528238296509,"_wandb":{"runtime":0}}