{"_timestamp":1.758759333694487e+09,"FP{N} error":0.06625935435295105,"flux_error_reduction":0.9202015995979309,"flux_FP{N} error":0.02721988968551159,"_runtime":0,"flux_P{N} error":0.029580354690551758,"P{N} error":0.07559927552938461,"total_error_reduction":0.8764548897743225,"_wandb":{"runtime":0},"_step":1}