{"_step":0,"flux_error_reduction":0.8200922012329102,"N7_Abl3_iter1":0.8200922012329102,"_timestamp":1.758760487969546e+09,"_wandb":{"runtime":0},"_runtime":0}