{"N3_Abl_1_iter_1":0.6047113537788391,"_wandb":{"runtime":0},"_runtime":0,"_timestamp":1.758760009305407e+09,"_step":0}