{"N3_Abl_2_iter_1":0.10738598555326462,"_timestamp":1.758760018008116e+09,"_step":0,"_wandb":{"runtime":0},"_runtime":0}