{"total_error_reduction":0.5015825629234314,"FP{N} error":0.2431211620569229,"_wandb":{"runtime":0},"_step":1,"flux_P{N} error":0.39956775307655334,"_runtime":0,"flux_error_reduction":0.558104932308197,"_timestamp":1.75875952724372e+09,"flux_FP{N} error":0.22300073504447937,"P{N} error":0.48470818996429443}