{"_step":1,"_runtime":0,"FP{N} error":0.159967303276062,"flux_FP{N} error":0.0313883014023304,"_wandb":{"runtime":0},"_timestamp":1.758759331431159e+09,"total_error_reduction":0.7465951442718506,"flux_error_reduction":0.8484357595443726,"flux_P{N} error":0.03699549660086632,"P{N} error":0.214262455701828}