{"_wandb":{"runtime":0},"_runtime":0,"N3_Abl6_iter1":0.5989428162574768,"_timestamp":1.75876030817234e+09,"_step":0,"flux_error_reduction":0.5989428162574768}