{"flux_FP{N} error":0.011201518587768078,"_step":1,"_runtime":0,"P{N} error":0.07559927552938461,"FP{N} error":0.04124592989683151,"total_error_reduction":0.5455862879753113,"_wandb":{"runtime":0},"flux_error_reduction":0.3786810040473938,"_timestamp":1.758759881660782e+09,"flux_P{N} error":0.029580354690551758}