{"_step":1,"P{N} error":0.3693774938583374,"FP{N} error":0.14397495985031128,"flux_error_reduction":0.3208218216896057,"_wandb":{"runtime":0},"_timestamp":1.758759115824577e+09,"flux_P{N} error":0.26006880402565,"flux_FP{N} error":0.08343574404716492,"_runtime":0,"total_error_reduction":0.3897773027420044}