{"P{N} error":0.7105564475059509,"_wandb":{"runtime":0},"_timestamp":1.7587596120831301e+09,"FP{N} error":0.23440177738666534,"_runtime":0,"flux_error_reduction":0.15098153054714203,"flux_P{N} error":0.5929551720619202,"_step":1,"total_error_reduction":0.329884797334671,"flux_FP{N} error":0.08952528238296509}