{"_runtime":0,"flux_error_reduction":0.6520992517471313,"_timestamp":1.758759560503419e+09,"flux_FP{N} error":0.06659506261348724,"P{N} error":0.19105622172355652,"_step":1,"_wandb":{"runtime":0},"flux_P{N} error":0.10212411731481552,"FP{N} error":0.09618397057056427,"total_error_reduction":0.5034328103065491}