{"FP{N} error":0.1931096613407135,"flux_FP{N} error":0.04193686321377754,"flux_error_reduction":0.10495557636022568,"P{N} error":0.48470818996429443,"total_error_reduction":0.39840397238731384,"flux_P{N} error":0.39956775307655334,"_runtime":0,"_timestamp":1.7587585923258822e+09,"_wandb":{"runtime":0},"_step":1}