{"_timestamp":1.7587602372584572e+09,"_step":0,"flux_error_reduction":0.15372106432914734,"_wandb":{"runtime":0},"_runtime":0,"N3_Abl2_iter1":0.15372106432914734}