{"flux_error_reduction":0.8171240091323853,"_runtime":0,"flux_P{N} error":0.039650507271289825,"_wandb":{"runtime":0},"P{N} error":0.12961673736572266,"_timestamp":1.7587598235296488e+09,"total_error_reduction":0.731569766998291,"_step":1,"flux_FP{N} error":0.03239938244223595,"FP{N} error":0.0948236882686615}