{"FP{N} error":0.10290621221065521,"total_error_reduction":0.5386174321174622,"_step":1,"flux_error_reduction":0.5100909471511841,"P{N} error":0.19105622172355652,"flux_FP{N} error":0.05209258943796158,"flux_P{N} error":0.10212411731481552,"_runtime":0,"_timestamp":1.758759058679761e+09,"_wandb":{"runtime":0}}