{"_wandb":{"runtime":0},"_runtime":0,"flux_error_reduction":0.5089215040206909,"N3_Abl7_iter1":0.5089215040206909,"_timestamp":1.7587603375554318e+09,"_step":0}