{"_wandb":{"runtime":0},"_runtime":0,"flux_error_reduction":0.8236158490180969,"N7_Abl4_iter1":0.8236158490180969,"_timestamp":1.7587605021516979e+09,"_step":0}