{"P{N} error":0.1569836288690567,"_runtime":0,"flux_error_reduction":0.531222403049469,"flux_FP{N} error":0.04669572040438652,"FP{N} error":0.08112452179193497,"total_error_reduction":0.516770601272583,"_step":1,"_timestamp":1.7587590396848252e+09,"_wandb":{"runtime":0},"flux_P{N} error":0.08790238946676254}