{"_runtime":0,"flux_error_reduction":0.554594099521637,"N3_Abl6_iter1":0.554594099521637,"_timestamp":1.7587603279009862e+09,"_step":0,"_wandb":{"runtime":0}}