{"P{N} error":0.7105564475059509,"flux_FP{N} error":0.18630529940128326,"_timestamp":1.758759080287882e+09,"flux_error_reduction":0.31419795751571655,"total_error_reduction":0.34889763593673706,"_step":1,"_runtime":0,"FP{N} error":0.2479114681482315,"_wandb":{"runtime":0},"flux_P{N} error":0.5929551720619202}