{"flux_FP{N} error":0.024419041350483894,"_step":1,"flux_P{N} error":0.07427431643009186,"_runtime":0,"P{N} error":0.12579232454299927,"_wandb":{"runtime":0},"total_error_reduction":1.1661969423294067,"_timestamp":1.7587596770387058e+09,"flux_error_reduction":0.3287683129310608,"FP{N} error":0.14669862389564514}