{"_wandb":{"runtime":0},"_runtime":0,"_step":0,"flux_error_reduction":0.7460911870002747,"N7_Abl1_iter1":0.7460911870002747,"_timestamp":1.758760430472648e+09}