{"FP{N} error":0.15186263620853424,"flux_error_reduction":0.554594099521637,"P{N} error":0.12579232454299927,"flux_P{N} error":0.07427431643009186,"total_error_reduction":1.2072488069534302,"_runtime":0,"_step":1,"_wandb":{"runtime":0},"_timestamp":1.758759148410989e+09,"flux_FP{N} error":0.04119209945201874}