{"_timestamp":1.758759646193839e+09,"P{N} error":0.3693774938583374,"flux_FP{N} error":0.073780857026577,"_runtime":0,"total_error_reduction":0.4425906836986542,"_step":1,"flux_error_reduction":0.2836974561214447,"flux_P{N} error":0.26006880402565,"FP{N} error":0.16348303854465485,"_wandb":{"runtime":0}}