{"_wandb":{"runtime":0},"flux_FP{N} error":0.07050641626119614,"P{N} error":0.21562471985816956,"FP{N} error":0.1583448350429535,"flux_P{N} error":0.09185060858726501,"flux_error_reduction":0.7676205635070801,"_step":1,"_runtime":0,"_timestamp":1.758759249934956e+09,"total_error_reduction":0.7343538403511047}