{"_wandb":{"runtime":0},"P{N} error":0.7105564475059509,"total_error_reduction":0.36822229623794556,"_runtime":0,"flux_FP{N} error":0.20538486540317535,"_timestamp":1.7587591312753868e+09,"_step":1,"FP{N} error":0.261642724275589,"flux_P{N} error":0.5929551720619202,"flux_error_reduction":0.3463750183582306}