{"_wandb":{"runtime":0},"_runtime":0,"flux_error_reduction":0.5100909471511841,"N3_Abl2_iter1":0.5100909471511841,"_timestamp":1.758760239669429e+09,"_step":0}