{"total_error_reduction":0.3995489776134491,"flux_P{N} error":0.39956775307655334,"_step":1,"FP{N} error":0.19366465508937836,"flux_error_reduction":0.10154496133327484,"_wandb":{"runtime":0},"_timestamp":1.75875968177648e+09,"P{N} error":0.48470818996429443,"_runtime":0,"flux_FP{N} error":0.0405740924179554}