{"P{N} error":0.4821048080921173,"total_error_reduction":0.25194990634918213,"flux_FP{N} error":0.07824233174324036,"_runtime":0,"FP{N} error":0.121466264128685,"_timestamp":1.758759184362697e+09,"flux_P{N} error":0.3155199885368347,"flux_error_reduction":0.24797900021076202,"_step":1,"_wandb":{"runtime":0}}