{"_wandb":{"runtime":0},"_timestamp":1.7587592990912378e+09,"flux_error_reduction":0.8681296706199646,"FP{N} error":0.1719273030757904,"_runtime":0,"flux_P{N} error":0.09185060858726501,"total_error_reduction":0.7973450422286987,"flux_FP{N} error":0.07973823696374893,"_step":1,"P{N} error":0.21562471985816956}