{"N7_Abl2_iter1":0.744744062423706,"_timestamp":1.758760456856489e+09,"_wandb":{"runtime":0},"_runtime":0,"_step":0,"flux_error_reduction":0.744744062423706}