{"_runtime":0,"flux_error_reduction":0.8484357595443726,"flux_FP{N} error":0.0313883014023304,"FP{N} error":0.159967303276062,"_step":1,"P{N} error":0.214262455701828,"flux_P{N} error":0.03699549660086632,"_wandb":{"runtime":0},"total_error_reduction":0.7465951442718506,"_timestamp":1.7587598172563572e+09}