{"_wandb":{"runtime":0},"_runtime":0,"_timestamp":1.7587599915895748e+09,"_step":0,"N3_Abl_1_iter_1":0.531222403049469}