{"FP{N} error":0.04574073478579521,"P{N} error":0.09313923120498657,"_timestamp":1.7587593934426298e+09,"flux_error_reduction":0.41743433475494385,"flux_FP{N} error":0.01601419970393181,"_step":1,"total_error_reduction":0.49110063910484314,"_wandb":{"runtime":0},"flux_P{N} error":0.03836339712142944,"_runtime":0}