{"flux_P{N} error":0.10212411731481552,"P{N} error":0.19105622172355652,"total_error_reduction":0.4973883330821991,"_wandb":{"runtime":0},"_timestamp":1.7587589717966971e+09,"flux_FP{N} error":0.05591631308197975,"flux_error_reduction":0.5475329160690308,"_runtime":0,"FP{N} error":0.09502913802862167,"_step":1}