{"_step":1,"FP{N} error":0.15226061642169952,"P{N} error":0.12579232454299927,"flux_P{N} error":0.07427431643009186,"flux_FP{N} error":0.022304276004433632,"flux_error_reduction":0.30029594898223877,"_wandb":{"runtime":0},"total_error_reduction":1.210412621498108,"_timestamp":1.758759708534406e+09,"_runtime":0}