{"P{N} error":0.41694486141204834,"flux_P{N} error":0.2616240978240967,"_step":1,"_wandb":{"runtime":0},"flux_error_reduction":0.21371784806251526,"total_error_reduction":0.32419928908348083,"flux_FP{N} error":0.055913738906383514,"FP{N} error":0.1351732313632965,"_runtime":0,"_timestamp":1.7587599235509539e+09}