{"_step":0,"_wandb":{"runtime":0},"_runtime":0,"N3_Abl_1_iter_1":0.5475329160690308,"_timestamp":1.758759986718144e+09}