{"flux_error_reduction":0.8311795592308044,"_timestamp":1.7587597271453052e+09,"_step":1,"flux_FP{N} error":0.033231835812330246,"_runtime":0,"P{N} error":0.10251639783382416,"total_error_reduction":0.7921053767204285,"_wandb":{"runtime":0},"flux_P{N} error":0.03998153656721115,"FP{N} error":0.08120378851890564}