{"_step":1,"_runtime":0,"_timestamp":1.758759201087779e+09,"flux_FP{N} error":0.048250503838062286,"P{N} error":0.48470818996429443,"_wandb":{"runtime":0},"FP{N} error":0.18859153985977173,"flux_P{N} error":0.39956775307655334,"flux_error_reduction":0.12075675278902054,"total_error_reduction":0.3890826404094696}