{"_runtime":0,"flux_error_reduction":0.3871740996837616,"N7_Abl2_iter1":0.3871740996837616,"_timestamp":1.758760461743892e+09,"_step":0,"_wandb":{"runtime":0}}