{"_step":0,"flux_error_reduction":0.5475329160690308,"N3_Abl1_iter1":0.5475329160690308,"_wandb":{"runtime":0},"_runtime":0,"_timestamp":1.758760609451891e+09}