{"_step":0,"_wandb":{"runtime":0},"_runtime":0,"flux_error_reduction":0.31419795751571655,"N3_Abl3_iter1":0.31419795751571655,"_timestamp":1.7587602608366551e+09}