{"_wandb":{"runtime":0},"_runtime":0,"_step":0,"flux_error_reduction":0.24797900021076202,"N3_Abl8_iter1":0.24797900021076202,"_timestamp":1.758760363694873e+09}