{"flux_P{N} error":0.26006880402565,"FP{N} error":0.16957692801952362,"_step":1,"total_error_reduction":0.45908841490745544,"flux_error_reduction":0.3397493064403534,"flux_FP{N} error":0.08835819363594055,"_wandb":{"runtime":0},"_timestamp":1.758759489399102e+09,"P{N} error":0.3693774938583374,"_runtime":0}