{"_timestamp":1.758760294441272e+09,"_wandb":{"runtime":0},"_runtime":0,"_step":0,"flux_error_reduction":0.3208218216896057,"N3_Abl4_iter1":0.3208218216896057}