{"flux_P{N} error":0.10212411731481552,"FP{N} error":0.08958633244037628,"flux_error_reduction":0.5148112773895264,"_wandb":{"runtime":0},"total_error_reduction":0.4689003527164459,"_timestamp":1.7587596385474648e+09,"flux_FP{N} error":0.05257464572787285,"P{N} error":0.19105622172355652,"_step":1,"_runtime":0}