{"_wandb":{"runtime":0},"flux_P{N} error":0.07427431643009186,"FP{N} error":0.1409016102552414,"_timestamp":1.758759628372097e+09,"_runtime":0,"total_error_reduction":1.1201128959655762,"flux_FP{N} error":0.01617037132382393,"flux_error_reduction":0.21771147847175598,"P{N} error":0.12579232454299927,"_step":1}