{"FP{N} error":0.22646869719028473,"_wandb":{"runtime":0},"_step":1,"_runtime":0,"total_error_reduction":0.46722689270973206,"P{N} error":0.48470818996429443,"flux_P{N} error":0.39956775307655334,"flux_error_reduction":0.49081021547317505,"_timestamp":1.7587591766915689e+09,"flux_FP{N} error":0.19611193239688873}