{"_wandb":{"runtime":0},"_runtime":0,"flux_error_reduction":0.3397493064403534,"N3_Abl1_iter1":0.3397493064403534,"_timestamp":1.7587602235847528e+09,"_step":0}