{"_runtime":0,"_step":1,"flux_error_reduction":0.5100909471511841,"FP{N} error":0.10290621221065521,"_wandb":{"runtime":0},"P{N} error":0.19105622172355652,"total_error_reduction":0.5386174321174622,"flux_FP{N} error":0.05209258943796158,"_timestamp":1.7587595083055758e+09,"flux_P{N} error":0.10212411731481552}