{"flux_FP{N} error":0.02647237852215767,"total_error_reduction":0.8384203910827637,"FP{N} error":0.06338397413492203,"_step":1,"flux_error_reduction":0.8949310779571533,"_wandb":{"runtime":0},"P{N} error":0.07559927552938461,"flux_P{N} error":0.029580354690551758,"_runtime":0,"_timestamp":1.758759309740462e+09}