{"flux_P{N} error":0.3155199885368347,"FP{N} error":0.1187097430229187,"flux_FP{N} error":0.07146331667900085,"_step":1,"flux_error_reduction":0.22649379074573517,"total_error_reduction":0.24623222649097443,"_timestamp":1.7587594807259898e+09,"_wandb":{"runtime":0},"_runtime":0,"P{N} error":0.4821048080921173}