{"_timestamp":1.758759854427501e+09,"flux_FP{N} error":0.02721988968551159,"P{N} error":0.07559927552938461,"_runtime":0,"FP{N} error":0.06625935435295105,"flux_error_reduction":0.9202015995979309,"flux_P{N} error":0.029580354690551758,"_wandb":{"runtime":0},"_step":1,"total_error_reduction":0.8764548897743225}