{"flux_error_reduction":0.8056543469429016,"P{N} error":0.12961673736572266,"_wandb":{"runtime":0},"_runtime":0,"_step":1,"flux_FP{N} error":0.031944602727890015,"_timestamp":1.758759741789189e+09,"flux_P{N} error":0.039650507271289825,"FP{N} error":0.09081245213747025,"total_error_reduction":0.7006228566169739}