{"_wandb":{"runtime":0},"_runtime":0,"_step":0,"flux_error_reduction":0.8484357595443726,"N7_Abl4_iter1":0.8484357595443726,"_timestamp":1.758760507137682e+09}