{"_step":1,"total_error_reduction":0.3865082859992981,"flux_P{N} error":0.26006880402565,"flux_error_reduction":0.3048655688762665,"P{N} error":0.3693774938583374,"_timestamp":1.758759091136362e+09,"flux_FP{N} error":0.07928602397441864,"_wandb":{"runtime":0},"_runtime":0,"FP{N} error":0.14276745915412903}