{"flux_FP{N} error":0.007080337032675743,"flux_error_reduction":0.18455970287322998,"_wandb":{"runtime":0},"FP{N} error":0.056572385132312775,"flux_P{N} error":0.03836339712142944,"_runtime":0,"P{N} error":0.09313923120498657,"total_error_reduction":0.6073958873748779,"_step":1,"_timestamp":1.758759749778954e+09}