{"_step":1,"flux_FP{N} error":0.21547774970531464,"_wandb":{"runtime":0},"P{N} error":0.41694486141204834,"flux_P{N} error":0.2616240978240967,"flux_error_reduction":0.8236158490180969,"_runtime":0,"_timestamp":1.758759841502768e+09,"total_error_reduction":0.7737244963645935,"FP{N} error":0.32260045409202576}