{"_timestamp":1.7587604355117319e+09,"_step":0,"_wandb":{"runtime":0},"_runtime":0,"flux_error_reduction":0.8446000814437866,"N7_Abl1_iter1":0.8446000814437866}