{"total_error_reduction":0.5067982077598572,"_wandb":{"runtime":0},"_timestamp":1.7587591656313531e+09,"_step":1,"FP{N} error":0.18719986081123352,"flux_FP{N} error":0.07100748270750046,"P{N} error":0.3693774938583374,"flux_error_reduction":0.2730334401130676,"flux_P{N} error":0.26006880402565,"_runtime":0}