{"flux_error_reduction":0.3284186124801636,"flux_P{N} error":0.08790238946676254,"flux_FP{N} error":0.02886877954006195,"_wandb":{"runtime":0},"FP{N} error":0.14236094057559967,"_step":1,"P{N} error":0.1569836288690567,"total_error_reduction":0.906852126121521,"_timestamp":1.7587592117118132e+09,"_runtime":0}