{"_timestamp":1.758760604681371e+09,"_step":0,"flux_error_reduction":0.2996642291545868,"_wandb":{"runtime":0},"_runtime":0,"N3_Abl1_iter1":0.2996642291545868}