{"_timestamp":1.7587592631346738e+09,"total_error_reduction":0.7006228566169739,"_wandb":{"runtime":0},"flux_FP{N} error":0.031944602727890015,"P{N} error":0.12961673736572266,"flux_P{N} error":0.039650507271289825,"_runtime":0,"FP{N} error":0.09081245213747025,"flux_error_reduction":0.8056543469429016,"_step":1}