{"_runtime":0,"flux_error_reduction":0.6296055316925049,"N3_Abl6_iter1":0.6296055316925049,"_timestamp":1.75876031844681e+09,"_step":0,"_wandb":{"runtime":0}}