{"flux_error_reduction":0.49713334441185,"FP{N} error":0.20777206122875214,"total_error_reduction":0.43096864223480225,"_timestamp":1.758759690075711e+09,"_wandb":{"runtime":0},"_runtime":0,"flux_FP{N} error":0.156855508685112,"_step":1,"P{N} error":0.4821048080921173,"flux_P{N} error":0.3155199885368347}