{"_timestamp":1.758760271100207e+09,"_step":0,"_wandb":{"runtime":0},"_runtime":0,"flux_error_reduction":0.3048655688762665,"N3_Abl3_iter1":0.3048655688762665}