{"flux_error_reduction":0.3208218216896057,"N3_Abl6_iter1":0.3208218216896057,"_wandb":{"runtime":0},"_runtime":0,"_timestamp":1.7587603215230532e+09,"_step":0}