{"_runtime":0,"_timestamp":1.758760286703837e+09,"_step":0,"flux_error_reduction":0.6520992517471313,"N3_Abl4_iter1":0.6520992517471313,"_wandb":{"runtime":0}}