{"_step":0,"flux_error_reduction":0.3463750183582306,"N3_Abl6_iter1":0.3463750183582306,"_wandb":{"runtime":0},"_runtime":0,"_timestamp":1.758760310639759e+09}