{"_wandb":{"runtime":0},"P{N} error":0.19105622172355652,"_timestamp":1.758759158050376e+09,"_step":1,"flux_FP{N} error":0.05197316035628319,"_runtime":0,"flux_error_reduction":0.5089215040206909,"total_error_reduction":0.4997044801712036,"flux_P{N} error":0.10212411731481552,"FP{N} error":0.09547165036201477}