{"FP{N} error":0.24281050264835358,"flux_P{N} error":0.5929551720619202,"P{N} error":0.7105564475059509,"_timestamp":1.7587596845142112e+09,"_runtime":0,"_step":1,"_wandb":{"runtime":0},"total_error_reduction":0.3417188227176666,"flux_FP{N} error":0.09013234823942184,"flux_error_reduction":0.15200532972812653}