{"flux_FP{N} error":0.011452747508883476,"flux_error_reduction":0.3871740996837616,"_timestamp":1.758759284937925e+09,"_wandb":{"runtime":0},"FP{N} error":0.04146460071206093,"P{N} error":0.07559927552938461,"_runtime":0,"_step":1,"flux_P{N} error":0.029580354690551758,"total_error_reduction":0.5484787821769714}