{"N3_Abl10_iter1":0.10154496133327484,"_timestamp":1.758760403739245e+09,"_step":0,"_wandb":{"runtime":0},"_runtime":0,"flux_error_reduction":0.10154496133327484}