{"_step":1,"flux_error_reduction":0.7192193865776062,"flux_P{N} error":0.09185060858726501,"_timestamp":1.758759398191382e+09,"P{N} error":0.21562471985816956,"FP{N} error":0.14661817252635956,"total_error_reduction":0.6799691915512085,"_runtime":0,"flux_FP{N} error":0.06606073677539825,"_wandb":{"runtime":0}}