{"_timestamp":1.758760361187028e+09,"_step":0,"_wandb":{"runtime":0},"_runtime":0,"flux_error_reduction":0.5148112773895264,"N3_Abl8_iter1":0.5148112773895264}