{"_runtime":0,"total_error_reduction":1.2550971508026123,"_timestamp":1.758759652669164e+09,"flux_FP{N} error":0.035563573241233826,"P{N} error":0.12579232454299927,"FP{N} error":0.15788158774375916,"flux_error_reduction":0.47881388664245605,"_wandb":{"runtime":0},"_step":1,"flux_P{N} error":0.07427431643009186}