{"_runtime":0,"N7_Abl2_iter1":0.804948627948761,"_timestamp":1.758760459289035e+09,"_step":0,"flux_error_reduction":0.804948627948761,"_wandb":{"runtime":0}}