{"_step":0,"flux_error_reduction":0.6047113537788391,"_wandb":{"runtime":0},"_runtime":0,"N3_Abl1_iter1":0.6047113537788391,"_timestamp":1.758760631044202e+09}