{"flux_error_reduction":0.8567101359367371,"N7_Abl3_iter1":0.8567101359367371,"_timestamp":1.75876048291561e+09,"_step":0,"_wandb":{"runtime":0},"_runtime":0}