{"_runtime":0,"_step":1,"flux_error_reduction":0.2996642291545868,"flux_FP{N} error":0.17768745124340057,"P{N} error":0.7105564475059509,"FP{N} error":0.2702198624610901,"total_error_reduction":0.3802933096885681,"_wandb":{"runtime":0},"_timestamp":1.758758969151874e+09,"flux_P{N} error":0.5929551720619202}