{"_wandb":{"runtime":0},"_runtime":0,"N3_Abl3_iter1":0.558104932308197,"_timestamp":1.7587602581896698e+09,"_step":0,"flux_error_reduction":0.558104932308197}