{"N3_Abl_1_iter_1":0.22649379074573517,"_timestamp":1.758759989189703e+09,"_step":0,"_wandb":{"runtime":0},"_runtime":0}