{"flux_error_reduction":0.747554361820221,"N7_Abl3_iter1":0.747554361820221,"_timestamp":1.7587604782077062e+09,"_step":0,"_wandb":{"runtime":0},"_runtime":0}