{"flux_P{N} error":0.029580354690551758,"P{N} error":0.07559927552938461,"_timestamp":1.758759790175219e+09,"FP{N} error":0.06338397413492203,"flux_FP{N} error":0.02647237852215767,"flux_error_reduction":0.8949310779571533,"_step":1,"_wandb":{"runtime":0},"_runtime":0,"total_error_reduction":0.8384203910827637}