{"FP{N} error":0.12474990636110306,"_step":1,"_wandb":{"runtime":0},"P{N} error":0.214262455701828,"_timestamp":1.7587592580291111e+09,"flux_P{N} error":0.03699549660086632,"total_error_reduction":0.5822294354438782,"flux_error_reduction":0.8446000814437866,"flux_FP{N} error":0.031246399506926537,"_runtime":0}