{"N7_Abl2_iter1":0.33801034092903137,"_timestamp":1.758760451694039e+09,"_wandb":{"runtime":0},"_runtime":0,"_step":0,"flux_error_reduction":0.33801034092903137}