{"_timestamp":1.758760289157727e+09,"_step":0,"_wandb":{"runtime":0},"_runtime":0,"flux_error_reduction":0.33166787028312683,"N3_Abl4_iter1":0.33166787028312683}