{"_runtime":0,"total_error_reduction":0.39816221594810486,"_step":1,"flux_error_reduction":0.10738598555326462,"flux_FP{N} error":0.04290797561407089,"_timestamp":1.758759053475115e+09,"flux_P{N} error":0.39956775307655334,"_wandb":{"runtime":0},"P{N} error":0.48470818996429443,"FP{N} error":0.19299249351024628}