{"flux_P{N} error":0.09185060858726501,"total_error_reduction":0.7343538403511047,"_timestamp":1.758759717024547e+09,"P{N} error":0.21562471985816956,"flux_error_reduction":0.7676205635070801,"_runtime":0,"FP{N} error":0.1583448350429535,"_step":1,"_wandb":{"runtime":0},"flux_FP{N} error":0.07050641626119614}