{"FP{N} error":0.288796603679657,"total_error_reduction":0.6926493644714355,"_wandb":{"runtime":0},"flux_P{N} error":0.2616240978240967,"_step":1,"flux_FP{N} error":0.19557823240756989,"_timestamp":1.758759301906305e+09,"_runtime":0,"flux_error_reduction":0.747554361820221,"P{N} error":0.41694486141204834}