{"_wandb":{"runtime":0},"FP{N} error":0.09258202463388443,"_runtime":0,"_timestamp":1.7587598842472918e+09,"flux_P{N} error":0.039650507271289825,"flux_FP{N} error":0.025254996493458748,"flux_error_reduction":0.636940062046051,"total_error_reduction":0.7142752408981323,"_step":1,"P{N} error":0.12961673736572266}