{"flux_FP{N} error":0.036342259496450424,"flux_error_reduction":0.9089760780334473,"FP{N} error":0.09077909588813782,"total_error_reduction":0.8855080604553223,"flux_P{N} error":0.03998153656721115,"_wandb":{"runtime":0},"_runtime":0,"_step":1,"P{N} error":0.10251639783382416,"_timestamp":1.7587593044699259e+09}