{"flux_error_reduction":0.6813499331474304,"_wandb":{"runtime":0},"_timestamp":1.758759400731246e+09,"P{N} error":0.41694486141204834,"_step":1,"FP{N} error":0.27547022700309753,"total_error_reduction":0.6606874465942383,"_runtime":0,"flux_FP{N} error":0.178257554769516,"flux_P{N} error":0.2616240978240967}