{"_runtime":0,"_timestamp":1.758760366430017e+09,"_step":0,"flux_error_reduction":0.5320140719413757,"N3_Abl8_iter1":0.5320140719413757,"_wandb":{"runtime":0}}