{"_timestamp":1.758760234650187e+09,"_step":0,"flux_error_reduction":0.10738598555326462,"_wandb":{"runtime":0},"_runtime":0,"N3_Abl2_iter1":0.10738598555326462}