{"N3_Abl4_iter1":0.3463750183582306,"_timestamp":1.75876028438226e+09,"_wandb":{"runtime":0},"_runtime":0,"_step":0,"flux_error_reduction":0.3463750183582306}