{"_runtime":0,"total_error_reduction":0.2995566427707672,"flux_P{N} error":0.3155199885368347,"FP{N} error":0.14441770315170288,"flux_error_reduction":0.33166787028312683,"_step":1,"_timestamp":1.7587595929000928e+09,"_wandb":{"runtime":0},"flux_FP{N} error":0.10464784502983093,"P{N} error":0.4821048080921173}