{"_timestamp":1.758757175298811e+09,"total_error_reduction":0.4504411518573761,"flux_FP{N} error":0.018941715359687805,"FP{N} error":0.21833251416683197,"flux_error_reduction":0.04740551486611366,"P{N} error":0.48470818996429443,"_runtime":0,"flux_P{N} error":0.39956775307655334,"_step":1,"_wandb":{"runtime":0}}