{"_step":0,"flux_error_reduction":0.8315043449401855,"_wandb":{"runtime":0},"_runtime":0,"N7_Abl1_iter1":0.8315043449401855,"_timestamp":1.758760438006109e+09}