{"_runtime":0,"flux_P{N} error":0.39956775307655334,"P{N} error":0.48470818996429443,"_timestamp":1.758759503307012e+09,"_wandb":{"runtime":0},"_step":1,"FP{N} error":0.19299249351024628,"flux_error_reduction":0.10738598555326462,"total_error_reduction":0.39816221594810486,"flux_FP{N} error":0.04290797561407089}