{"_timestamp":1.7587595350319722e+09,"_step":1,"flux_error_reduction":0.3434966206550598,"flux_P{N} error":0.3155199885368347,"FP{N} error":0.1470128744840622,"_wandb":{"runtime":0},"_runtime":0,"P{N} error":0.4821048080921173,"flux_FP{N} error":0.10838004946708679,"total_error_reduction":0.3049396574497223}