{"_step":1,"flux_P{N} error":0.039650507271289825,"P{N} error":0.12961673736572266,"flux_error_reduction":0.6414478421211243,"_timestamp":1.7587592875982988e+09,"_wandb":{"runtime":0},"total_error_reduction":0.7053796052932739,"_runtime":0,"flux_FP{N} error":0.025433732196688652,"FP{N} error":0.09142900258302689}