{"N3_Abl9_iter1":0.3284186124801636,"_timestamp":1.758760390255767e+09,"_wandb":{"runtime":0},"_runtime":0,"_step":0,"flux_error_reduction":0.3284186124801636}