{"_timestamp":1.7587605123564942e+09,"_step":0,"flux_error_reduction":0.8171240091323853,"N7_Abl4_iter1":0.8171240091323853,"_wandb":{"runtime":0},"_runtime":0}