{"_wandb":{"runtime":0},"_runtime":0,"flux_error_reduction":0.18455970287322998,"N7_Abl1_iter1":0.18455970287322998,"_timestamp":1.758760447178435e+09,"_step":0}