{"_runtime":0,"total_error_reduction":0.8774331212043762,"_step":1,"_timestamp":1.7587598792077792e+09,"P{N} error":0.214262455701828,"FP{N} error":0.18800097703933716,"flux_P{N} error":0.03699549660086632,"flux_FP{N} error":0.029960546642541885,"_wandb":{"runtime":0},"flux_error_reduction":0.8098430633544922}