{"flux_error_reduction":0.2836974561214447,"_wandb":{"runtime":0},"_runtime":0,"N3_Abl8_iter1":0.2836974561214447,"_timestamp":1.758760369024296e+09,"_step":0}