{"flux_error_reduction":0.23624920845031738,"N7_Abl2_iter1":0.23624920845031738,"_wandb":{"runtime":0},"_runtime":0,"_timestamp":1.758760454332524e+09,"_step":0}