{"_wandb":{"runtime":0},"_runtime":0,"flux_error_reduction":0.8681296706199646,"N7_Abl3_iter1":0.8681296706199646,"_timestamp":1.7587604756368132e+09,"_step":0}