{"N7_Abl1_iter1":0.8311795592308044,"_timestamp":1.758760432969528e+09,"_step":0,"_wandb":{"runtime":0},"_runtime":0,"flux_error_reduction":0.8311795592308044}