{"N3_Abl10_iter1":0.24235565960407257,"_wandb":{"runtime":0},"_runtime":0,"_timestamp":1.758760416914492e+09,"_step":0,"flux_error_reduction":0.24235565960407257}