{"_runtime":0,"_step":0,"flux_error_reduction":0.32595986127853394,"N3_Abl2_iter1":0.32595986127853394,"_timestamp":1.758760247134698e+09,"_wandb":{"runtime":0}}