{"_step":1,"flux_P{N} error":0.2616240978240967,"flux_error_reduction":0.8236158490180969,"FP{N} error":0.32260045409202576,"_timestamp":1.758759326424607e+09,"P{N} error":0.41694486141204834,"_runtime":0,"_wandb":{"runtime":0},"total_error_reduction":0.7737244963645935,"flux_FP{N} error":0.21547774970531464}