{"FP{N} error":0.1463261842727661,"flux_error_reduction":0.31037193536758423,"_step":1,"_runtime":0,"_timestamp":1.7587592361942651e+09,"flux_P{N} error":0.08790238946676254,"_wandb":{"runtime":0},"P{N} error":0.1569836288690567,"total_error_reduction":0.9321110844612122,"flux_FP{N} error":0.027282433584332466}