{"_runtime":0,"_wandb":{"runtime":0},"flux_P{N} error":0.03699549660086632,"flux_FP{N} error":0.03169441595673561,"_timestamp":1.758759787640862e+09,"P{N} error":0.214262455701828,"FP{N} error":0.17146454751491547,"flux_error_reduction":0.8567101359367371,"total_error_reduction":0.800254762172699,"_step":1}