{"_step":1,"_runtime":0,"total_error_reduction":0.36822229623794556,"flux_P{N} error":0.5929551720619202,"flux_FP{N} error":0.20538486540317535,"_wandb":{"runtime":0},"FP{N} error":0.261642724275589,"P{N} error":0.7105564475059509,"_timestamp":1.7587591051607392e+09,"flux_error_reduction":0.3463750183582306}