{"P{N} error":0.41694486141204834,"flux_P{N} error":0.2616240978240967,"_runtime":0,"_step":1,"flux_FP{N} error":0.06180848553776741,"total_error_reduction":0.32270461320877075,"FP{N} error":0.1345500349998474,"flux_error_reduction":0.23624920845031738,"_wandb":{"runtime":0},"_timestamp":1.758759757285395e+09}