{"N7_Abl3_iter1":0.32205528020858765,"_timestamp":1.758760494733393e+09,"_wandb":{"runtime":0},"_runtime":0,"_step":0,"flux_error_reduction":0.32205528020858765}