{"_wandb":{"runtime":0},"_runtime":0,"flux_error_reduction":0.6393600106239319,"N3_Abl3_iter1":0.6393600106239319,"_timestamp":1.758760263407306e+09,"_step":0}