{"_timestamp":1.758760313524992e+09,"_step":0,"_wandb":{"runtime":0},"_runtime":0,"flux_error_reduction":0.6520992517471313,"N3_Abl6_iter1":0.6520992517471313}