{"total_error_reduction":0.4329947829246521,"P{N} error":0.7105564475059509,"flux_FP{N} error":0.0659341812133789,"_runtime":0,"_wandb":{"runtime":0},"_timestamp":1.758757225561044e+09,"_step":1,"flux_error_reduction":0.1111958920955658,"FP{N} error":0.30766722559928894,"flux_P{N} error":0.5929551720619202}