{"_step":0,"_wandb":{"runtime":0},"_runtime":0,"N3_Abl_2_iter_1":0.5100909471511841,"_timestamp":1.75876008472877e+09}