{"FP{N} error":0.08120378851890564,"flux_P{N} error":0.03998153656721115,"flux_FP{N} error":0.033231835812330246,"_runtime":0,"total_error_reduction":0.7921053767204285,"P{N} error":0.10251639783382416,"flux_error_reduction":0.8311795592308044,"_step":1,"_wandb":{"runtime":0},"_timestamp":1.758759255432605e+09}