{"flux_FP{N} error":0.0405740924179554,"_step":1,"flux_P{N} error":0.39956775307655334,"flux_error_reduction":0.10154496133327484,"_wandb":{"runtime":0},"_runtime":0,"P{N} error":0.48470818996429443,"FP{N} error":0.19366465508937836,"_timestamp":1.758759226016921e+09,"total_error_reduction":0.3995489776134491}