{"_step":1,"flux_error_reduction":0.21770904958248138,"_wandb":{"runtime":0},"flux_P{N} error":0.2616240978240967,"P{N} error":0.41694486141204834,"_timestamp":1.75875937631978e+09,"flux_FP{N} error":0.05695793405175209,"_runtime":0,"FP{N} error":0.1328725516796112,"total_error_reduction":0.31868135929107666}