{"_step":1,"flux_FP{N} error":0.04290797561407089,"FP{N} error":0.19299249351024628,"flux_error_reduction":0.10738598555326462,"_runtime":0,"P{N} error":0.48470818996429443,"_wandb":{"runtime":0},"_timestamp":1.7587589837506812e+09,"total_error_reduction":0.39816221594810486,"flux_P{N} error":0.39956775307655334}