{"FP{N} error":0.08631794154644012,"flux_FP{N} error":0.029776012524962425,"total_error_reduction":0.8419915437698364,"_timestamp":1.7587597599511628e+09,"flux_P{N} error":0.03998153656721115,"_step":1,"P{N} error":0.10251639783382416,"_wandb":{"runtime":0},"_runtime":0,"flux_error_reduction":0.744744062423706}