{"N3_Abl7_iter1":0.553925096988678,"_wandb":{"runtime":0},"_runtime":0,"_timestamp":1.758760340396225e+09,"_step":0,"flux_error_reduction":0.553925096988678}