{"flux_FP{N} error":0.024596193805336952,"_timestamp":1.7587592604793558e+09,"P{N} error":0.07559927552938461,"total_error_reduction":0.8112316727638245,"flux_P{N} error":0.029580354690551758,"_step":1,"flux_error_reduction":0.8315043449401855,"FP{N} error":0.061328526586294174,"_wandb":{"runtime":0},"_runtime":0}