{"_runtime":0,"flux_P{N} error":0.09185060858726501,"_wandb":{"runtime":0},"P{N} error":0.21562471985816956,"_timestamp":1.758759754760436e+09,"_step":1,"FP{N} error":0.0958426296710968,"flux_error_reduction":0.33801034092903137,"flux_FP{N} error":0.03104645572602749,"total_error_reduction":0.44448813796043396}