{"_runtime":0,"flux_error_reduction":0.9089760780334473,"flux_FP{N} error":0.036342259496450424,"_step":1,"P{N} error":0.10251639783382416,"total_error_reduction":0.8855080604553223,"_wandb":{"runtime":0},"_timestamp":1.758759784919054e+09,"FP{N} error":0.09077909588813782,"flux_P{N} error":0.03998153656721115}