{"flux_error_reduction":0.10424593836069107,"N3_Abl7_iter1":0.10424593836069107,"_wandb":{"runtime":0},"_runtime":0,"_timestamp":1.758760332443488e+09,"_step":0}