{"N7_Abl4_iter1":0.918746292591095,"_timestamp":1.7587604994104252e+09,"_step":0,"_wandb":{"runtime":0},"_runtime":0,"flux_error_reduction":0.918746292591095}