{"_runtime":0,"total_error_reduction":0.3897773027420044,"flux_FP{N} error":0.08343574404716492,"_step":1,"_timestamp":1.758759141823099e+09,"_wandb":{"runtime":0},"FP{N} error":0.14397495985031128,"P{N} error":0.3693774938583374,"flux_P{N} error":0.26006880402565,"flux_error_reduction":0.3208218216896057}