{"flux_FP{N} error":0.03679218888282776,"_runtime":0,"total_error_reduction":0.8795505166053772,"flux_P{N} error":0.03998153656721115,"_timestamp":1.758759812846163e+09,"FP{N} error":0.09016834944486618,"flux_error_reduction":0.9202294945716858,"_wandb":{"runtime":0},"_step":1,"P{N} error":0.10251639783382416}