{"FP{N} error":0.08497674018144608,"flux_P{N} error":0.08790238946676254,"total_error_reduction":0.5413095951080322,"flux_error_reduction":0.5320140719413757,"_runtime":0,"P{N} error":0.1569836288690567,"_timestamp":1.758759187190109e+09,"_step":1,"flux_FP{N} error":0.04676530882716179,"_wandb":{"runtime":0}}