{"total_error_reduction":0.34889763593673706,"_step":1,"P{N} error":0.7105564475059509,"flux_FP{N} error":0.18630529940128326,"_wandb":{"runtime":0},"flux_error_reduction":0.31419795751571655,"_runtime":0,"_timestamp":1.758759529886993e+09,"flux_P{N} error":0.5929551720619202,"FP{N} error":0.2479114681482315}