{"N3_Abl2_iter1":0.31961295008659363,"_timestamp":1.758760244443626e+09,"_step":0,"_wandb":{"runtime":0},"_runtime":0,"flux_error_reduction":0.31961295008659363}