{"flux_P{N} error":0.03836339712142944,"flux_error_reduction":0.32205528020858765,"_timestamp":1.758759319139576e+09,"flux_FP{N} error":0.012355134822428226,"FP{N} error":0.0489213690161705,"_step":1,"total_error_reduction":0.5252498984336853,"_wandb":{"runtime":0},"_runtime":0,"P{N} error":0.09313923120498657}