{"N3_Abl1_iter1":0.531222403049469,"_timestamp":1.758760218300029e+09,"_step":0,"_wandb":{"runtime":0},"_runtime":0,"flux_error_reduction":0.531222403049469}