{"_runtime":0,"P{N} error":0.09313923120498657,"_wandb":{"runtime":0},"_step":1,"FP{N} error":0.05375649780035019,"_timestamp":1.758759831231148e+09,"total_error_reduction":0.5771628022193909,"flux_FP{N} error":0.012797110714018345,"flux_error_reduction":0.3335760533809662,"flux_P{N} error":0.03836339712142944}