{"N7_Abl6_iter1":0.9202294945716858,"_timestamp":1.7587605302719e+09,"_wandb":{"runtime":0},"_runtime":0,"_step":0,"flux_error_reduction":0.9202294945716858}