{"P{N} error":0.10251639783382416,"flux_error_reduction":0.9202294945716858,"_runtime":0,"_wandb":{"runtime":0},"_timestamp":1.7587598457255611e+09,"flux_FP{N} error":0.03679218888282776,"total_error_reduction":0.8795505166053772,"_step":1,"flux_P{N} error":0.03998153656721115,"FP{N} error":0.09016834944486618}